<Defs>
 
 <!-- Chemfuel cooler -->
    <ThingDef ParentName="BuildingBase">
        <defName>CAS_ChemfuelCooler</defName>
        <label>chemfuel cooler</label>
        <description>An air-cooling machine that runs on chemfuel, can fit into a wall. Cool air comes out one side, while hot exhaust comes out the other. Can be used to cool down rooms during summer, or to create a walk-in freezer.</description>
        <thingClass>Building_Cooler</thingClass>
        <graphicData>
            <texPath>Things/Buildings/Temp/ChemCooler/ChemCooler</texPath> 
            <graphicClass>Graphic_Multi</graphicClass>
            <damageData>
                <cornerTL>Damage/Corner</cornerTL>
                <cornerTR>Damage/Corner</cornerTR>
                <cornerBL>Damage/Corner</cornerBL>
                <cornerBR>Damage/Corner</cornerBR>
            </damageData>
        </graphicData>
        <altitudeLayer>Building</altitudeLayer>
        <passability>Impassable</passability>
        <blockWind>true</blockWind>
        <fillPercent>1</fillPercent>
        <coversFloor>true</coversFloor>
        <blockLight>true</blockLight>
        <canOverlapZones>false</canOverlapZones>
        <castEdgeShadows>true</castEdgeShadows>
        <staticSunShadowHeight>1.0</staticSunShadowHeight>
        <statBases>
            <WorkToBuild>1600</WorkToBuild>
            <MaxHitPoints>100</MaxHitPoints>
            <Flammability>0.7</Flammability>
        </statBases>
        <tickerType>Normal</tickerType>
        <costList>
            <Steel>90</Steel>
            <ComponentIndustrial>3</ComponentIndustrial>
        </costList>
        <terrainAffordanceNeeded>Medium</terrainAffordanceNeeded>
        <placeWorkers>
            <li>PlaceWorker_Cooler</li>
        </placeWorkers>
        <drawPlaceWorkersWhileSelected>true</drawPlaceWorkersWhileSelected>
        <building>
            <canPlaceOverWall>true</canPlaceOverWall>
        </building>
        <comps>
            <li Class="CompProperties_Refuelable">
                <fuelConsumptionRate>3.0</fuelConsumptionRate>
                <fuelCapacity>15.0</fuelCapacity>
                <fuelFilter>
                    <thingDefs>
                        <li>Chemfuel</li>
                    </thingDefs>
                </fuelFilter>
                <showAllowAutoRefuelToggle>true</showAllowAutoRefuelToggle>
            </li>
            <li Class="CompProperties_Flickable" />
            <li Class="CompProperties_TempControl">
                <energyPerSecond>-21</energyPerSecond>
            </li>
            <li Class="CompProperties_Breakdownable" />
        </comps>
        <designationCategory>Temperature</designationCategory>
        <designationHotKey>Misc5</designationHotKey>
        <researchPrerequisites>
            <li>AirConditioning</li>
        </researchPrerequisites>
        <constructionSkillPrerequisite>5</constructionSkillPrerequisite>
    </ThingDef>

    <!-- Chemfuel heater -->
    <ThingDef ParentName="BuildingBase">
        <defName>CAS_ChemfuelHeater</defName>
        <label>chemfuel heater</label>
        <description>A device that burns chemfuel to produce heat.</description>
        <thingClass>Building_Heater</thingClass>
        <graphicData>
            <texPath>Things/Buildings/Temp/ChemHeater/ChemHeater</texPath>
            <graphicClass>Graphic_Single</graphicClass>
            <shadowData>
                <volume>(0.5,0.3,0.7)</volume>
                <offset>(0,0,-0.15)</offset>
            </shadowData>
            <damageData>
                <rect>(0.234375,0,0.515625,0.984375)</rect>
                <cornerTL>Damage/Corner</cornerTL>
                <cornerTR>Damage/Corner</cornerTR>
                <cornerBL>Damage/Corner</cornerBL>
                <cornerBR>Damage/Corner</cornerBR>
            </damageData>
        </graphicData>
        <minifiedDef>MinifiedThing</minifiedDef>
        <altitudeLayer>Building</altitudeLayer>
        <passability>PassThroughOnly</passability>
        <pathCost>30</pathCost>
        <blockWind>true</blockWind>
        <rotatable>false</rotatable>
        <fillPercent>0.4</fillPercent>
        <thingCategories>
            <li>BuildingsTemperature</li>
        </thingCategories>
        <statBases>
            <WorkToBuild>1000</WorkToBuild>
            <MaxHitPoints>100</MaxHitPoints>
            <Mass>6</Mass>
            <Flammability>0.5</Flammability>
        </statBases>
        <tickerType>Normal</tickerType>
        <building>
            <destroySound>BuildingDestroyed_Metal_Small</destroySound>
        </building>
        <costList>
            <Steel>50</Steel>
            <ComponentIndustrial>1</ComponentIndustrial>
        </costList>
        <terrainAffordanceNeeded>Light</terrainAffordanceNeeded>
        <placeWorkers>
            <li>PlaceWorker_Heater</li>
        </placeWorkers>
        <drawPlaceWorkersWhileSelected>true</drawPlaceWorkersWhileSelected>
        <comps>
            <li Class="CompProperties_Refuelable">
                <fuelConsumptionRate>3.0</fuelConsumptionRate>
                <fuelCapacity>15.0</fuelCapacity>
                <fuelFilter>
                    <thingDefs>
                        <li>Chemfuel</li>
                    </thingDefs>
                </fuelFilter>
                <showAllowAutoRefuelToggle>true</showAllowAutoRefuelToggle>
            </li>
            <li Class="CompProperties_Flickable" />
            <li Class="CompProperties_TempControl">
                <energyPerSecond>21</energyPerSecond>
            </li>
            <li Class="CompProperties_Glower">
                <glowRadius>3</glowRadius>
                <glowColor>(255,150,100,0)</glowColor>
            </li>
            <li Class="CompProperties_Breakdownable" />
        </comps>
        <designationCategory>Temperature</designationCategory>
        <designationHotKey>Misc2</designationHotKey>
        <researchPrerequisites>
            <li>Electricity</li>
        </researchPrerequisites>
        <constructionSkillPrerequisite>5</constructionSkillPrerequisite>
    </ThingDef>

    <!-- Chemfuel crematorium -->
    <ThingDef ParentName="BuildingBase">
        <defName>CA_ChemfuelCrematorium</defName>
        <label>chemfuel crematorium</label>
        <description>A huge crematorium that runs via chemfuel, which vaporizes corpses with extremely high temperatures.</description>
        <thingClass>Building_WorkTable_HeatPush</thingClass>
        <graphicData>
            <texPath>Things/Buildings/Production/ChemfuelCrematorium/ChemfuelCrematorium</texPath> 
            <graphicClass>Graphic_Multi</graphicClass>
            <shaderType>CutoutComplex</shaderType>
            <drawSize>(3,2)</drawSize>
            <shadowData>
                <volume>(1.95,0.5,1.3)</volume>
            </shadowData>
            <damageData>
                <rect>(0.3,0.1,2.4,1.8)</rect>
            </damageData>
        </graphicData>
	<stuffCategories>
      <li>Stony</li>
    </stuffCategories>
        <costList>
            <Steel>170</Steel>
            <ComponentIndustrial>2</ComponentIndustrial>
        </costList>
        <altitudeLayer>Building</altitudeLayer>
        <useHitPoints>True</useHitPoints>
        <statBases>
            <WorkToBuild>4500</WorkToBuild>
            <MaxHitPoints>300</MaxHitPoints>
            <Cleanliness>-20</Cleanliness>
            <Beauty>-10</Beauty>
        </statBases>
        <tickerType>Normal</tickerType>
        <size>(3,2)</size>
        <designationCategory>Production</designationCategory>
        <fillPercent>1</fillPercent>
        <passability>Impassable</passability>
        <hasInteractionCell>True</hasInteractionCell>
        <interactionCellOffset>(0,0,-1)</interactionCellOffset>
        <interactionCellIcon>DiningChair</interactionCellIcon>
        <surfaceType>Item</surfaceType>
        <canOverlapZones>false</canOverlapZones>
        <terrainAffordanceNeeded>Heavy</terrainAffordanceNeeded>
        <constructionSkillPrerequisite>4</constructionSkillPrerequisite>
        <recipes>
            <li>CremateCorpse</li>
            <li>BurnApparel</li>
            <li>BurnWeapon</li>
            <li>BurnDrugs</li>
        </recipes>
        <inspectorTabs>
            <li>ITab_Bills</li>
        </inspectorTabs>
        <comps>
            <li Class="CompProperties_Refuelable">
                <fuelConsumptionRate>5.0</fuelConsumptionRate>
                <fuelCapacity>30.0</fuelCapacity>
                <fuelFilter>
                    <thingDefs>
                        <li>Chemfuel</li>
                    </thingDefs>
                </fuelFilter>
                <showAllowAutoRefuelToggle>true</showAllowAutoRefuelToggle>
            </li>
            <li Class="CompProperties_Flickable" />
            <li Class="CompProperties_Glower">
                <glowRadius>6</glowRadius>
                <glowColor>(217,112,33,0)</glowColor>
            </li>
            <li Class="CompProperties_HeatPusher">
                <compClass>CompHeatPusherPowered</compClass>
                <heatPerSecond>12</heatPerSecond>
            </li>
        </comps>
        <building>
            <spawnedConceptLearnOpportunity>BillsTab</spawnedConceptLearnOpportunity>
            <heatPerTickWhileWorking>0.32</heatPerTickWhileWorking>
            <forceShowRoomStats>true</forceShowRoomStats>
            <buildingTags>
                <li>Production</li>
            </buildingTags>
        </building>
        <placeWorkers>
            <li>PlaceWorker_PreventInteractionSpotOverlap</li>
        </placeWorkers>
        <designationHotKey>Misc5</designationHotKey>
        <researchPrerequisites>
            <li>Electricity</li>
        </researchPrerequisites>
    </ThingDef>

    <!-- Chemfuel sunlamp -->
    <ThingDef ParentName="LampBase">
        <defName>CA_Sunlamp</defName>
        <label>chemfuel sun lamp</label>
        <description>An industrial lamp which lights an area brightly enough to grow crops, but consumes a huge amount of chemfuel. It also has a slightly lower lighting radius. Automatically turns itself off at night.</description>
        <thingClass>Building_SunLamp</thingClass>
        <graphicData>
            <texPath>Things/Buildings/Production/ChemfuelSunLamp/ChemfuelSunLamp</texPath> <!-- Replace texture here -->
        </graphicData>
        <blockWind>true</blockWind>
        <tickerType>Normal</tickerType>
        <statBases>
            <WorkToBuild>330</WorkToBuild>
            <Mass>4.5</Mass>
        </statBases>
        <costList>
            <Steel>40</Steel>
        </costList>
        <comps>
            <li Class="CompProperties_Glower">
                <overlightRadius>10.0</overlightRadius>
                <glowRadius>20</glowRadius>
                <glowColor>(370,370,370,0)</glowColor>
            </li>
            <li Class="CompProperties_Refuelable">
                <fuelConsumptionRate>18.0</fuelConsumptionRate>
                <fuelCapacity>90.0</fuelCapacity>
                <fuelFilter>
                    <thingDefs>
                        <li>Chemfuel</li>
                    </thingDefs>
                </fuelFilter>
                <showAllowAutoRefuelToggle>true</showAllowAutoRefuelToggle>
            </li>
            <li Class="CompProperties_Schedule">
                <startTime>0.25</startTime>
                <endTime>0.8</endTime>
                <offMessage>Off for plant resting period</offMessage>
            </li>
            <li Class="CompProperties_HeatPusher">
                <compClass>CompHeatPusherPowered</compClass>
                <heatPerSecond>3</heatPerSecond>
            </li>
        </comps>
        <specialDisplayRadius>5.8</specialDisplayRadius>
    </ThingDef>

    <!-- Chemfuel standing lamp -->
    <ThingDef ParentName="StandingLampBase">
        <defName>CA_ChemfuelStandingLamp</defName>
        <label>chemfuel-powered  standing lamp</label>
        <description>An electrical standing lamp that lights an area. People need light to move and work at full speed.</description>
        <designationHotKey>Misc11</designationHotKey>
		<graphicData>
         <texPath>Things/Buildings/Production/ChemfuelExternalLamp/ChemfuelExternalLamp</texPath>
      </graphicData>
        <comps Inherit="false">
            <li Class="CompProperties_Glower">
                <glowRadius>12</glowRadius>
                <glowColor>(217,217,208,0)</glowColor>
            </li>
            <li Class="CompProperties_Refuelable">
                <fuelConsumptionRate>0.5</fuelConsumptionRate>
                <fuelCapacity>10.0</fuelCapacity>
                <fuelFilter>
                    <thingDefs>
                        <li>Chemfuel</li>
                    </thingDefs>
                </fuelFilter>
                <showAllowAutoRefuelToggle>true</showAllowAutoRefuelToggle>
            </li>
            <li Class="CompProperties_Styleable" />
        </comps>
        <tickerType>Normal</tickerType>
    </ThingDef>

    <!-- Chemfuel smithy -->
    <ThingDef ParentName="BenchBase">
        <defName>CA_ChemfuelSmithy</defName>
        <label>chemfuel smithy</label>
        <description>A chemfuel-powered station for smithing non-mechanical weapons and tools.</description>
        <thingClass>Building_WorkTable</thingClass>
        <drawerType>MapMeshAndRealTime</drawerType>
        <graphicData>
            <texPath>Things/Buildings/Production/ChemfuelSmithy/ChemfuelSmithy</texPath>
            <graphicClass>Graphic_Multi</graphicClass>
            <drawSize>(3.5,1.5)</drawSize>
            <shadowData>
                <volume>(2.8, 0.35, 0.59)</volume>
                <offset>(0, 0, 0.08)</offset>
            </shadowData>
            <damageData>
                <cornerTL>Damage/Corner</cornerTL>
                <cornerTR>Damage/Corner</cornerTR>
                <cornerBL>Damage/Corner</cornerBL>
                <cornerBR>Damage/Corner</cornerBR>
            </damageData>
        </graphicData>
        <costList>
            <Steel>100</Steel>
            <ComponentIndustrial>3</ComponentIndustrial>
        </costList>
        <constructEffect>ConstructWood</constructEffect>
        <altitudeLayer>Building</altitudeLayer>
        <fillPercent>0.5</fillPercent>
        <useHitPoints>True</useHitPoints>
        <statBases>
            <WorkToBuild>3000</WorkToBuild>
            <MaxHitPoints>180</MaxHitPoints>
            <Flammability>1.0</Flammability>
            <Cleanliness>-3</Cleanliness>
        </statBases>
        <size>(3,1)</size>
        <designationCategory>Production</designationCategory>
        <passability>PassThroughOnly</passability>
        <pathCost>50</pathCost>
        <hasInteractionCell>True</hasInteractionCell>
        <interactionCellOffset>(0,0,-1)</interactionCellOffset>
        <surfaceType>Item</surfaceType>
        <constructionSkillPrerequisite>4</constructionSkillPrerequisite>
        <inspectorTabs>
            <li>ITab_Bills</li>
        </inspectorTabs>
        <building>
            <spawnedConceptLearnOpportunity>BillsTab</spawnedConceptLearnOpportunity>
        </building>
        <comps>
            <li Class="CompProperties_Refuelable">
                <fuelConsumptionRate>20.0</fuelConsumptionRate>
                <fuelCapacity>35.0</fuelCapacity>
                <fuelFilter>
                    <thingDefs>
                        <li>Chemfuel</li>
                    </thingDefs>
                </fuelFilter>
                <consumeFuelOnlyWhenUsed>true</consumeFuelOnlyWhenUsed>
                <showAllowAutoRefuelToggle>true</showAllowAutoRefuelToggle>
            </li>
            <li Class="CompProperties_AffectedByFacilities">
                <linkableFacilities>
                    <li>ToolCabinet</li>
                </linkableFacilities>
            </li>
        </comps>
        <placeWorkers>
            <li>PlaceWorker_ShowFacilitiesConnections</li>
            <li>PlaceWorker_PreventInteractionSpotOverlap</li>
        </placeWorkers>
        <researchPrerequisites>
            <li>Smithing</li>
        </researchPrerequisites>
		<modExtensions>
            <li Class="RecipeInheritance.ThingDefExtension">
                <inheritRecipesFrom>
                    <li>ElectricSmithy</li>
                </inheritRecipesFrom>
            </li>
        </modExtensions>
    </ThingDef>

    <!-- Chemfuel smelter -->
    <ThingDef ParentName="BenchBase">
        <defName>CA_ChemfuelSmelter</defName>
        <label>chemfuel smelter</label>
        <description>Extracts usable metal from slag chunks and other mixed metal items. Consumes a lot of chemfuel and runs very hot.</description>
        <thingClass>Building_WorkTable_HeatPush</thingClass>
        <graphicData>
            <texPath>Things/Buildings/Production/ChemfuelSmelter/ChemfuelSmelter</texPath>
            <graphicClass>Graphic_Multi</graphicClass>
            <drawSize>(3.5,1.5)</drawSize>
            <damageData>
                <cornerTL>Damage/Corner</cornerTL>
                <cornerTR>Damage/Corner</cornerTR>
                <cornerBL>Damage/Corner</cornerBL>
                <cornerBR>Damage/Corner</cornerBR>
            </damageData>
        </graphicData>
        <castEdgeShadows>true</castEdgeShadows>
        <staticSunShadowHeight>0.20</staticSunShadowHeight>
        <constructEffect>ConstructMetal</constructEffect>
        <costList>
            <Steel>170</Steel>
            <ComponentIndustrial>2</ComponentIndustrial>
        </costList>
        <altitudeLayer>Building</altitudeLayer>
        <fillPercent>0.5</fillPercent>
        <useHitPoints>True</useHitPoints>
        <statBases>
            <WorkToBuild>3500</WorkToBuild>
            <MaxHitPoints>180</MaxHitPoints>
            <Flammability>1.0</Flammability>
        </statBases>
        <size>(3,1)</size>
        <designationCategory>Production</designationCategory>
        <passability>PassThroughOnly</passability>
        <pathCost>50</pathCost>
        <hasInteractionCell>True</hasInteractionCell>
        <interactionCellOffset>(0,0,-1)</interactionCellOffset>
        <surfaceType>Item</surfaceType>
        <terrainAffordanceNeeded>Heavy</terrainAffordanceNeeded>
        <constructionSkillPrerequisite>4</constructionSkillPrerequisite>
        <recipes>
            <li>ExtractMetalFromSlag</li>
            <li>SmeltWeapon</li>
            <li>SmeltApparel</li>
            <li>DestroyWeapon</li>
            <li>DestroyApparel</li>
        </recipes>
        <inspectorTabs>
            <li>ITab_Bills</li>
        </inspectorTabs>
        <comps>
            <li Class="CompProperties_Refuelable">
                <fuelConsumptionRate>35.0</fuelConsumptionRate>
                <fuelCapacity>85.0</fuelCapacity>
                <fuelFilter>
                    <thingDefs>
                        <li>Chemfuel</li>
                    </thingDefs>
                </fuelFilter>
                <consumeFuelOnlyWhenUsed>true</consumeFuelOnlyWhenUsed>
                <showAllowAutoRefuelToggle>true</showAllowAutoRefuelToggle>
            </li>
            <li Class="CompProperties_Flickable" />
            <li Class="CompProperties_Glower">
                <glowRadius>6</glowRadius>
                <glowColor>(217,112,33,0)</glowColor>
            </li>
            <li Class="CompProperties_HeatPusher">
                <compClass>CompHeatPusherPowered</compClass>
                <heatPerSecond>12</heatPerSecond>
            </li>
            <li Class="CompProperties_Breakdownable" />
        </comps>
        <building>
            <spawnedConceptLearnOpportunity>BillsTab</spawnedConceptLearnOpportunity>
            <heatPerTickWhileWorking>0.32</heatPerTickWhileWorking>
        </building>
        <designationHotKey>Misc10</designationHotKey>
        <placeWorkers>
            <li>PlaceWorker_PreventInteractionSpotOverlap</li>
        </placeWorkers>
        <researchPrerequisites>
            <li>Electricity</li>
        </researchPrerequisites>
  <modExtensions>
      <li Class="RecipeInheritance.ThingDefExtension">
        <inheritRecipesFrom>
          <li>ElectricSmelter</li>
        </inheritRecipesFrom>
        <!-- <allowedProductFilter></allowedProductFilter>
            <disallowedProductFilter></disallowedProductFilter>
            <allowedRecipes></allowedRecipes>
            <disallowedRecipes></disallowedRecipes> -->
      </li>
    </modExtensions>
    </ThingDef>

    <!-- Wood-fired turbine -->
    <ThingDef ParentName="BuildingBase">
        <defName>CA_WoodFiredTurbine</defName>
        <label>wood-fired turbine</label>
        <description>A wood powered turbojet. Although cumbersome, it produces a lot power. Must be refueled by hand.</description>
        <thingClass>Building</thingClass>
        <drawerType>MapMeshAndRealTime</drawerType>
        <graphicData>
            <texPath>Things/Buildings/Power/WoodFiredTurbine/WoodFiredTurbine</texPath> <!-- Replace texture here -->
            <graphicClass>Graphic_Single</graphicClass>
            <drawSize>(4,4)</drawSize> 
            <shadowData>
                <volume>(1.93,1,1.69)</volume>
                <offset>(-0.03,0,-0.1)</offset>
            </shadowData>
        </graphicData>
        <altitudeLayer>Building</altitudeLayer>
        <passability>PassThroughOnly</passability>
        <pathCost>50</pathCost>
        <blockWind>true</blockWind>
        <fillPercent>1.0</fillPercent>
        <castEdgeShadows>false</castEdgeShadows>
        <rotatable>false</rotatable>
        <statBases>
            <MaxHitPoints>300</MaxHitPoints>
            <WorkToBuild>2500</WorkToBuild>
            <Flammability>1.0</Flammability>
            <Beauty>-20</Beauty>
        </statBases>
        <tickerType>Normal</tickerType>
        <canOverlapZones>false</canOverlapZones>
        <size>(4,4)</size>
        <building>
            <destroySound>BuildingDestroyed_Metal_Medium</destroySound>
        </building>
        <costList>
            <Steel>220</Steel>
            <ComponentIndustrial>6</ComponentIndustrial>
        </costList>
        <comps>
            <li Class="CompProperties_Power">
                <compClass>CompPowerPlant</compClass>
                <basePowerConsumption>-6000</basePowerConsumption>
                <transmitsPower>true</transmitsPower>
                <soundAmbientProducingPower>WoodFiredGenerator_Ambience</soundAmbientProducingPower>
            </li>
            <li Class="CompProperties_Flickable" />
            <li Class="CompProperties_Refuelable">
                <fuelConsumptionRate>75.0</fuelConsumptionRate>
                <fuelCapacity>200.0</fuelCapacity>
                <fuelFilter>
                    <thingDefs>
                        <li>WoodLog</li>
                    </thingDefs>
                </fuelFilter>
                <showAllowAutoRefuelToggle>true</showAllowAutoRefuelToggle>
            </li>
            <li Class="CompProperties_Glower">
                <glowRadius>6</glowRadius>
                <glowColor>(217,112,33,0)</glowColor>
            </li>
            <li Class="CompProperties_HeatPusher">
                <compClass>CompHeatPusherPowered</compClass>
                <heatPerSecond>8</heatPerSecond>
            </li>
            <li Class="CompProperties_Breakdownable" />
        </comps>
        <terrainAffordanceNeeded>Medium</terrainAffordanceNeeded>
        <designationCategory>Power</designationCategory>
        <designationHotKey>Misc3</designationHotKey>
        <constructEffect>ConstructMetal</constructEffect>
        <researchPrerequisites>
            <li>Electricity</li>
        </researchPrerequisites>
        <constructionSkillPrerequisite>4</constructionSkillPrerequisite>
    </ThingDef>

    <!-- Chemfuel turbine -->
    <ThingDef ParentName="BuildingBase">
        <defName>CA_ChemfuelTurbine</defName>
        <label>chemfuel turbine</label>
        <description>A chemfuel powered turbojet. Although cumbersome, it produces a lot of power, and can be refueled by chemfuel pipes.</description>
        <thingClass>Building</thingClass>
        <drawerType>MapMeshAndRealTime</drawerType>
        <graphicData>
            <texPath>Things/Buildings/Power/ChemfuelTurbine/ChemfuelTurbine</texPath> <!-- Replace texture here -->
            <graphicClass>Graphic_Single</graphicClass>
            <drawSize>(4,4)</drawSize> 
            <shadowData>
                <volume>(1.93,1,1.69)</volume>
                <offset>(-0.03,0,-0.1)</offset>
            </shadowData>
        </graphicData>
        <altitudeLayer>Building</altitudeLayer>
        <passability>PassThroughOnly</passability>
        <pathCost>50</pathCost>
        <blockWind>true</blockWind>
        <fillPercent>1.0</fillPercent>
        <castEdgeShadows>false</castEdgeShadows>
        <rotatable>false</rotatable>
        <statBases>
            <MaxHitPoints>300</MaxHitPoints>
            <WorkToBuild>2500</WorkToBuild>
            <Flammability>1.0</Flammability>
            <Beauty>-20</Beauty>
        </statBases>
        <tickerType>Normal</tickerType>
        <canOverlapZones>false</canOverlapZones>
        <size>(4,4)</size>
        <building>
            <destroySound>BuildingDestroyed_Metal_Medium</destroySound>
        </building>
        <costList>
            <Steel>220</Steel>
            <ComponentIndustrial>8</ComponentIndustrial>
        </costList>
        <comps>
            <li Class="CompProperties_Power">
                <compClass>CompPowerPlant</compClass>
                <basePowerConsumption>-6000</basePowerConsumption>
                <transmitsPower>true</transmitsPower>
                <soundAmbientProducingPower>WoodFiredGenerator_Ambience</soundAmbientProducingPower>
            </li>
            <li Class="CompProperties_Flickable" />
            <li Class="CompProperties_Refuelable">
                <fuelConsumptionRate>18.0</fuelConsumptionRate>
                <fuelCapacity>90.0</fuelCapacity>
                <fuelFilter>
                    <thingDefs>
                        <li>Chemfuel</li>
                    </thingDefs>
                </fuelFilter>
                <showAllowAutoRefuelToggle>true</showAllowAutoRefuelToggle>
            </li>
            <li Class="CompProperties_Glower">
                <glowRadius>6</glowRadius>
                <glowColor>(217,112,33,0)</glowColor>
            </li>
            <li Class="CompProperties_HeatPusher">
                <compClass>CompHeatPusherPowered</compClass>
                <heatPerSecond>8</heatPerSecond>
            </li>
            <li Class="CompProperties_Breakdownable" />
        </comps>
        <terrainAffordanceNeeded>Medium</terrainAffordanceNeeded>
        <designationCategory>Power</designationCategory>
        <designationHotKey>Misc3</designationHotKey>
        <constructEffect>ConstructMetal</constructEffect>
        <researchPrerequisites>
            <li>Electricity</li>
        </researchPrerequisites>
        <constructionSkillPrerequisite>4</constructionSkillPrerequisite>
    </ThingDef>

    <!-- Chemfuel floodlight -->
    <ThingDef ParentName="StandingLampBase">
        <defName>CA_ChemfuelFloodlight</defName>
        <label>chemfuel floodlight</label>
        <description>A tall chemfuel-powered lamp that lights an area, able to be placed outside without catching fire, making it ideal for road lighting and only turns on at night.</description>
        <designationHotKey>Misc11</designationHotKey>
		<graphicData>
         <texPath>Things/Buildings/Production/ChemfuelFloodlight/ChemfuelFloodlight</texPath>
		 <drawSize>(2,3.5)</drawSize>
        </graphicData>
        <comps Inherit="false">
            <li Class="CompProperties_Glower">
                <glowRadius>18</glowRadius>
                <glowColor>(217,217,208,0)</glowColor>
            </li>
            <li Class="CompProperties_Refuelable">
                <fuelConsumptionRate>2.0</fuelConsumptionRate>
                <fuelCapacity>10.0</fuelCapacity>
                <fuelFilter>
                    <thingDefs>
                        <li>Chemfuel</li>
                    </thingDefs>
                </fuelFilter>
                <showAllowAutoRefuelToggle>true</showAllowAutoRefuelToggle>
            </li>
            <li Class="CompProperties_Styleable" />
        </comps>
		<tickerType>Normal</tickerType>
    </ThingDef>

<ThingDef ParentName="BenchBase">
      <defName>CE_ChemfuelStove</defName>
      <label>chemfuel stove</label>
      <description>An chemfuel-powered stove with an attached countertop for preparing meals.</description>
      <thingClass>PipeSystem.Building_ResourceWorkTable_HeatPush</thingClass>
      <graphicData>
         <texPath>Things/Buildings/Production/ChemfuelStove/ChemfuelStove</texPath>
         <graphicClass>Graphic_Multi</graphicClass>
         <drawSize>(3.5,1.5)</drawSize>
         <damageData>
            <cornerTL>Damage/Corner</cornerTL>
            <cornerTR>Damage/Corner</cornerTR>
            <cornerBL>Damage/Corner</cornerBL>
            <cornerBR>Damage/Corner</cornerBR>
         </damageData>
      </graphicData>
      <castEdgeShadows>true</castEdgeShadows>
      <staticSunShadowHeight>0.20</staticSunShadowHeight>
      <constructEffect>ConstructMetal</constructEffect>
      <costList>
         <Steel>80</Steel>
         <ComponentIndustrial>2</ComponentIndustrial>
      </costList>
      <altitudeLayer>Building</altitudeLayer>
      <fillPercent>0.5</fillPercent>
      <useHitPoints>True</useHitPoints>
      <statBases>
         <WorkToBuild>2000</WorkToBuild>
         <MaxHitPoints>180</MaxHitPoints>
         <Flammability>1.0</Flammability>
      </statBases>
      <size>(3,1)</size>
      <designationCategory>Production</designationCategory>
      <passability>PassThroughOnly</passability>
      <pathCost>50</pathCost>
      <hasInteractionCell>True</hasInteractionCell>
      <interactionCellOffset>(0,0,-1)</interactionCellOffset>
      <surfaceType>Item</surfaceType>
      <constructionSkillPrerequisite>4</constructionSkillPrerequisite>
      <inspectorTabs>
         <li>ITab_Bills</li>
      </inspectorTabs>
      <comps>
         <li Class="CompProperties_Refuelable">
            <fuelConsumptionRate>160.0</fuelConsumptionRate>
            <fuelCapacity>50.0</fuelCapacity>
            <fuelFilter>
               <thingDefs>
                  <li>Chemfuel</li>
               </thingDefs>
            </fuelFilter>
            <consumeFuelOnlyWhenUsed>true</consumeFuelOnlyWhenUsed>
            <showAllowAutoRefuelToggle>true</showAllowAutoRefuelToggle>
         </li>
         <li Class="CompProperties_HeatPusher">
            <compClass>CompHeatPusherPowered</compClass>
            <heatPerSecond>4</heatPerSecond>
         </li>
      </comps>
      <building>
         <isMealSource>true</isMealSource>
         <spawnedConceptLearnOpportunity>BillsTab</spawnedConceptLearnOpportunity>
         <heatPerTickWhileWorking>0.10</heatPerTickWhileWorking>
      </building>
      <placeWorkers>
         <li>PlaceWorker_PreventInteractionSpotOverlap</li>
      </placeWorkers>
      <modExtensions>
         <li Class="RecipeInheritance.ThingDefExtension">
            <inheritRecipesFrom>
               <li>FueledStove</li>
            </inheritRecipesFrom>
         </li>
      </modExtensions>
   </ThingDef>
   
   <ThingDef ParentName="StandingLampBase">
		<defName>CAS_ChemfuelWallLight</defName>
		<label>Chemfuel wall light</label>
		<graphicData>
			<texPath>Things/Buildings/ChemfuelWallLight/ChemfuelWallLight</texPath>
			<graphicClass>Graphic_Multi</graphicClass>
			<shadowData>
				<volume>(0, 0, 0)</volume>
				<offset>(0,0,0)</offset>
			</shadowData>
		</graphicData>
		<altitudeLayer>Item</altitudeLayer>
		<description>A Chemfuel-powered wall light that lights an area. People need light to move and work at full speed. Needs to be connected to the helixien gas network. Can be safely placed outdoors.</description>
         <comps Inherit="false">
            <li Class="CompProperties_Glower">
                <glowRadius>12</glowRadius>
                <glowColor>(217,217,208,0)</glowColor>
            </li>
            <li Class="CompProperties_Refuelable">
                <fuelConsumptionRate>0.5</fuelConsumptionRate>
                <fuelCapacity>10.0</fuelCapacity>
                <fuelFilter>
                    <thingDefs>
                        <li>Chemfuel</li>
                    </thingDefs>
                </fuelFilter>
                <showAllowAutoRefuelToggle>true</showAllowAutoRefuelToggle>
            </li>
			<li Class="CompProperties_Flickable"/>
        </comps>
		<building>
			<isEdifice>false</isEdifice>
			<canPlaceOverWall>true</canPlaceOverWall>
		</building>
		<rotatable>true</rotatable>
		<clearBuildingArea>false</clearBuildingArea>
		<defaultPlacingRot>South</defaultPlacingRot>
		<tickerType>Normal</tickerType>
	</ThingDef>
</Defs>