<?xml version="1.0" encoding="utf-8" ?>
<Patch>						

    <Operation Class="PatchOperationFindMod">
        <mods>
            <li>Vanilla Chemfuel Expanded</li>
        </mods>
        <match Class="PatchOperationSequence">
            <operations>                
                <li Class="PatchOperationAdd">
                    <xpath>Defs/ThingDef[defName="CE_InfiniteChemfuelPump"]/comps/li[@Class="PipeSystem.CompProperties_ResourceProcessor"]/results</xpath>
                        <value>
                                    <li Class="PipeSystem.CompProperties_ResourceStorage">
        <pipeNet>VCHE_ChemfuelNet</pipeNet>
        <storageCapacity>150</storageCapacity>
        <barSize>(1.3, 0.25)</barSize>
        <margin>0.1</margin>
        <centerOffset>(0, 0, 0.35)</centerOffset>
        <extractOptions>
          <texPath>UI/Gizmos/ExtractChemfuel</texPath>
          <labelKey>VCHE_ExtractChemfuel</labelKey>
          <descKey>VCHE_ExtractChemfuelDesc</descKey>
          <extractAmount>150</extractAmount>
          <thing>Chemfuel</thing>
          <ratio>1</ratio>
        </extractOptions>
      </li>
                      </value>
                </li>
            </operations>
        </match>
    </Operation>

</Patch>